iteration,status,threads,ok_threads,signal_blocked_threads,timeout_threads,error,latency_ms,max_handler_time_ns
"1","ok",1871,1867,4,0,"","88",599553
"2","ok",1871,1867,4,0,"","83",484118
"3","ok",1871,1867,4,0,"","74",536621
"4","ok",1871,1867,4,0,"","77",1140962
"5","ok",1869,1865,4,0,"","88",12130036
"6","ok",1869,1865,4,0,"","78",320218
"7","ok",1869,1865,4,0,"","55",1589467
"8","ok",1869,1865,4,0,"","77",1346406
"9","ok",1869,1865,4,0,"","73",432998
"10","ok",1869,1865,4,0,"","77",440150
"11","ok",1869,1865,4,0,"","76",761319
"12","ok",1869,1865,4,0,"","76",313305
"13","ok",1869,1865,4,0,"","75",351483
"14","ok",1869,1865,4,0,"","84",3012419
"15","ok",1869,1865,4,0,"","80",832806
"16","ok",1869,1865,4,0,"","81",304630
"17","ok",1869,1865,4,0,"","69",10300778
"18","ok",1869,1865,4,0,"","85",4999031
"19","ok",1869,1865,4,0,"","79",7823116
"20","ok",1869,1865,4,0,"","85",2477321
"21","ok",1869,1865,4,0,"","84",17246469
"22","ok",1869,1865,4,0,"","83",4785792
"23","ok",1869,1865,4,0,"","79",909713
"24","ok",1869,1865,4,0,"","83",1882437
"25","ok",1869,1865,4,0,"","78",2200220
"26","ok",1869,1865,4,0,"","76",1751645
"27","ok",1869,1865,4,0,"","64",8882024
"28","ok",1869,1865,4,0,"","70",7049136
"29","ok",1869,1865,4,0,"","72",854635
"30","ok",1869,1865,4,0,"","71",1447435
"31","ok",1869,1865,4,0,"","72",6802920
"32","ok",1869,1865,4,0,"","70",3582591
"33","ok",1869,1865,4,0,"","72",1629950
"34","ok",1869,1865,4,0,"","74",5257882
"35","ok",1869,1865,4,0,"","85",7381436
"36","ok",1869,1865,4,0,"","79",1436066
"37","ok",1869,1865,4,0,"","60",1199998
"38","ok",1869,1865,4,0,"","71",9524475
"39","ok",1869,1865,4,0,"","75",6008211
"40","ok",1869,1865,4,0,"","72",3270748
"41","ok",1869,1865,4,0,"","74",7291326
"42","ok",1869,1865,4,0,"","72",5198025
"43","ok",1869,1865,4,0,"","72",12335909
"44","ok",1869,1865,4,0,"","88",6617432
"45","ok",1869,1865,4,0,"","76",7652998
"46","ok",1869,1865,4,0,"","77",1994656
"47","ok",1869,1865,4,0,"","69",5095564
"48","ok",1869,1865,4,0,"","68",6490617
"49","ok",1869,1865,4,0,"","71",457331
"50","ok",1869,1865,4,0,"","75",2336974
